Workbook

Sheet жами лойиха
B2: 2026 йил давомида "Барака Хамкор Парранда" хусусий корхонасининг Кредитга бўлган талаб РЕЖАСИ
A4: № | B4: Лойиҳа йўналиши | C4: Лойиҳани қиймати | D4: Лойиҳа йўналиши
D5: Қурилишга | E5: Дастгоҳга | F5: Жўжа қиймати | G5: Озуқа
A6: 1 | B6: Броллер йўналиши | C6: =+C7+C8 -> 22455 | D6: =+D7+D8 -> 7780 | E6: =+E7+E8 -> 7585 | F6: =+F7+F8 -> 1533 | G6: =+G7+G8 -> 5557
B7: ўз маблағи | C7: =+D7+E7+F7+G7 -> 10320 | D7: =+броллер!J8 -> 3230 | E7: =+броллер!K8 -> 0 | F7: =+броллер!L8 -> 1533 | G7: =+броллер!M8 -> 5557
B8: банк кредити | C8: =+D8+E8 -> 12135 | D8: =+броллер!J9 -> 4550 | E8: =+броллер!K9 -> 7585 | F8: =+броллер!L9 -> 0 | G8: =+броллер!M9 -> 0
A9: 2 | B9: Тухум йўналишида Лойиха қиймати | C9: =+тухум1!I7 -> 19609 | D9: =+D10+D11 -> 4000 | E9: =+E10+E11 -> 7489 | F9: =+F10+F11 -> 7630 | G9: =+G10+G11 -> 490
B10: ўз маблағи | C10: =+тухум1!I8 -> 4290 | D10: =+тухум1!J8 -> 1400 | E10: =+тухум1!K8 -> 2400 | F10: =+тухум1!L8 -> 0 | G10: =+тухум1!M8 -> 490
B11: банк кредити | C11: =+тухум1!I9 -> 15319 | D11: =+тухум1!J9 -> 2600 | E11: =+тухум1!K9 -> 5089 | F11: =+тухум1!L9 -> 7630 | G11: =+тухум1!M9 -> 0
A12: 3 | B12: Қайта ишлаш йўналиши бўйича | C12: =+D12+E12 -> 5777.2 | D12: =+дастгох!G7 -> 600 | E12: =+E13+E14 -> 5177.2 | F12: =+F13+F14 -> 0 | G12: =+G13+G14 -> 0
B13: ўз маблағи | C13: =+D13+E13 -> 600 | D13: =+дастгох!G8 -> 600 | E13: =+дастгох!H8 -> 0
B14: банк кредити | C14: =+D14+E14 -> 5177.2 | D14: =+дастгох!G9 -> 0 | E14: =+дастгох!H9 -> 5177.2
A15: 4 | B15: Жами лойиҳалар бўйича | C15: =+C12+C9+C6 -> 47841.2 | D15: =+D12+D9+D6 -> 12380 | E15: =+E12+E9+E6 -> 20251.2 | F15: =+F12+F9+F6 -> 9163 | G15: =+G12+G9+G6 -> 6047
B16: ўз маблағи | C16: =+C13+C10+C7 -> 15210 | D16: =+D13+D10+D7 -> 5230 | E16: =+E13+E10+E7 -> 2400 | F16: =+F13+F10+F7 -> 1533 | G16: =+G13+G10+G7 -> 6047
B17: банк кредити | C17: =+C14+C11+C8 -> 32631.2 | D17: =+D14+D11+D8 -> 7150 | E17: =+E14+E11+E8 -> 17851.2 | F17: =+F14+F11+F8 -> 7630 | G17: =+G14+G11+G8 -> 0
A18: 5 | B18: Озуқа заҳираси учун | C18: 5000
B22: Жами кредит | C22: =+C17+C18 -> 37631.2

Sheet броллер
B2: "Барака Хамкор Парранда" хусусий корхонасининг Броллер бўйича Кредитга бўлган талаб РЕЖАСИ
K3: 1000 АКШ доллари
A4: № | B4: Лойиҳа йўналиши | C4: Бино сони | D4: Бир маротаба Парранда боқиш сони | E4: Йиллик Натижа | H4: Дастгох етказиб берувчининг номи | I4: Лойиҳани қиймати | J4: Лойиҳа йўналиши
E5: 6 маротаба боқилади | F5: Трик вазнда (2,5кг) тн | G5: Тушум | J5: Қурилишга | K5: Дастгоҳга | L5: Жўжа қиймати | M5: Озуқа
B7: Броллер йўналишида Лойиха қиймати | C7: =+C10+C13+C16+C19+C22+C23 -> 47 | D7: =+D10+D13+D16+D19+D22+D23+D24+D25 -> 565000 | E7: =+E10+E13+E16+E19+E22+E23+E24+E25 -> 24060 | F7: =+F10+F13+F16+F19+F22+F23+F24+F25 -> 60150 | G7: =+G10+G13+G16+G19+G22+G23+G24+G25 -> 108270 | H7: Хитой | I7: =+I10+I13+I16+I19+I22+I24+I23+I25 -> 22455 | J7: =+J10+J13+J16+J19+J22+J23+J24+J25 -> 7780 | K7: =+K10+K13+K16+K19+K22+K23+K24+K25 -> 7585 | L7: =+L10+L13+L16+L19+L22+L23+L24+L25 -> 1533 | M7: =+M10+M13+M16+M19+M22+M23+M24+M25 -> 5557
B8: ўз маблағи | I8: =+I11+I14+I17+I20+I26 -> 10320 | J8: =+J11+J14+J17+J20+J26 -> 3230 | K8: =+K11+K14+K17+K20+K26 -> 0 | L8: =+L11+L14+L17+L20+L26 -> 1533 | M8: =+M11+M14+M17+M20+M26 -> 5557
B9: банк кредити | I9: =+I12+I15+I18+I21+I27 -> 12135 | J9: =+J12+J15+J18+J21+J27 -> 4550 | K9: =+K12+K15+K18+K21+K27 -> 7585 | L9: =+L12+L15+L18+L21+L27 -> 0 | M9: =+M12+M15+M18+M21+M27 -> 0
A10: 1 | B10: Жалақудуқ тумани 1-фабрика (бир бино ўлчами 100*18) | C10: 7 | D10: 80000 | E10: =+D10*C10*6/1000 -> 3360 | F10: =+E10*2.5 -> 8400 | G10: =+F10*1.8 -> 15120 | H10: Е-Фарминг Хитой | I10: =+J10+K10+L10+M10 -> 4805 | J10: =+J11++J12 -> 1900 | K10: =+K11+K12 -> 1505 | L10: =+L11+L12 -> 300 | M10: =+M11+M12 -> 1100
A11: 1.1 | B11: ўз маблағи | I11: =+J11+K11+L11+M11 -> 2200 | J11: 800 | L11: 300 | M11: 1100
A12: 1.2 | B12: банк кредити | I12: =+J12+K12 -> 2605 | J12: 1100 | K12: 1505
A13: 2 | B13: Жалақудуқ тумани 2-фабрика (бир бино ўлчами 100*18) | C13: 8 | D13: 80000 | E13: =+D13*C13*6/1000 -> 3840 | F13: =+E13*2.5 -> 9600 | G13: =+F13*1.8 -> 17280 | H13: Е-Фарминг Хитой | I13: =+J13+K13+L13+M13 -> 5400 | J13: =+J14+J15 -> 2080 | K13: =+K14+K15 -> 1720 | L13: =+L14+L15 -> 343 | M13: =+M14+M15 -> 1257
A14: 2.1 | B14: ўз маблағи | I14: =+J14+K14+L14+M14 -> 2430 | J14: 830 | K14: 0 | L14: 343 | M14: 1257
A15: 2.2 | B15: банк кредити | I15: =+J15+K15+L15+M15 -> 2970 | J15: 1250 | K15: 1720 | L15: 0 | M15: 0
A16: 3 | B16: Жалақудуқ тумани 3-фабрика (бир бино ўлчами 100*18) | C16: 7 | D16: 80000 | E16: =+D16*C16*6/1000 -> 3360 | F16: =+E16*2.5 -> 8400 | G16: =+F16*1.8 -> 15120 | H16: Е-Фарминг Хитой | I16: =+I17+I18 -> 4805 | J16: =+J17+J18 -> 1900 | K16: =+K17+K18 -> 1505 | L16: =+L17+L18 -> 300 | M16: =+M17+M18 -> 1100
A17: 3.1 | B17: ўз маблағи | I17: =+J17+K17+L17+M17 -> 2200 | J17: 800 | L17: 300 | M17: 1100
A18: 3.2 | B18: банк кредити | I18: =+J18+K18 -> 2605 | J18: 1100 | K18: 1505
A19: 4 | B19: Жалақудуқ тумани 4-фабрика (бир бино ўлчами 100*18) | C19: 7 | D19: 80000 | E19: =+D19*C19*6/1000 -> 3360 | F19: =+E19*2.5 -> 8400 | G19: =+F19*1.8 -> 15120 | H19: Е-Фарминг Хитой | I19: =+I20+I21 -> 4805 | J19: =+J21+J20 -> 1900 | K19: =+K21+K20 -> 1505 | L19: =+L21+L20 -> 300 | M19: =+M21+M20 -> 1100
A20: 4.1 | B20: ўз маблағи | I20: =+J20+K20+L20+M20 -> 2200 | J20: 800 | L20: 300 | M20: 1100
A21: 4.2 | B21: банк кредити | I21: =+J21+K21 -> 2605 | J21: 1100 | K21: 1505
A22: 5 | B22: Асака тумани 2-фабрика (бир бино ўлчами 100*18) | C22: 4 | D22: 80000 | E22: =+D22*C22*6/1000 -> 1920 | F22: =+E22*2.5 -> 4800 | G22: =+F22*1.8 -> 8640 | H22: мавжуд | I22: =+J22+K22+L22+M22 -> 0
A23: 6 | B23: Асака тумани 2-фабрика ер усулда боқилади | C23: 14 | D23: 25000 | E23: =+D23*C23*6/1000 -> 2100 | F23: =+E23*2.5 -> 5250 | G23: =+F23*1.8 -> 9450 | H23: мавжуд
A24: 7 | B24: Асака тумани 5-фабрика (бир бино ўлчами 100*18) | C24: 6 | D24: 80000 | E24: =+D24*C24*6/1000 -> 2880 | F24: =+E24*2.5 -> 7200 | G24: =+F24*1.8 -> 12960 | H24: мавжуд | I24: =+J24+K24+L24+M24 -> 0
A25: 8 | B25: Асака тумани 4-фабрика (бир бино ўлчами 72*18) | C25: 9 | D25: 60000 | E25: =+D25*C25*6/1000 -> 3240 | F25: =+E25*2.5 -> 8100 | G25: =+F25*1.8 -> 14580 | H25: Е-Фарминг Хитой | I25: =+I26+I27 -> 2640 | J25: =+J26+J27 -> 0 | K25: =+K26+K27 -> 1350 | L25: =+L26+L27 -> 290 | M25: =+M26+M27 -> 1000
A26: 8.1. | B26: ўз маблағи | I26: =+J26+K26+L26+M26 -> 1290 | L26: 290 | M26: 1000
A27: 8.2. | B27: банк кредити | I27: =+J27+K27 -> 1350 | K27: =9*150 -> 1350
B28: Жами

Sheet дастгох
B2: "Барака Хамкор Парранда" хусусий корхонасининг дастгоҳ йўналиши бўйича Кредитга бўлган талаб РЕЖАСИ
F3: 1000 АКШ доллари
A4: № | B4: Лойиҳа йўналиши | C4: Бино сони | D4: Бир соатлик қуввати бош сонда | E4: Дастгоҳ етказиб берувчининг номи | F4: Лойиҳани қиймати | G4: Лойиҳа йўналиши
G5: Қурилишга | H5: Дастгоҳга
B7: Қайта ишлаш йўналиши бўйича | C7: =+C10+C13+C16+C19+C22+C23 -> 8 | D7: =+D10+D13+D16+D19+D22+D23 -> 18000 | E7: Хитой | F7: =+G7+H7 -> 5777.2 | G7: =+G10+G13+G16+G19+G22+G25+G28+G31 -> 600 | H7: =+H10+H13+H16+H19+H22+H25+H28+H31+H34 -> 5177.2
B8: ўз маблағи | F8: =+F11+F14+F17+F20+F23+F26+F29+F32 -> 600 | G8: =+G11+G14+G17+G20+G23+G26+G29+G32+G35 -> 600 | H8: =+H11+H14+H17+H20+H23+H26+H29+H32+H35 -> 0
B9: банк кредити | F9: =+F12+F15+F18+F21+F24+F27+F30+F33 -> 4795 | G9: =+G12+G15+G18+G21+G24+G27+G30+G33+G36 -> 0 | H9: =+H12+H15+H18+H21+H24+H27+H30+H33+H36 -> 5177.2
A10: 1 | B10: Сўйиш цехини қувватини ошириш | C10: 1 | D10: 6000 | E10: Хитой | F10: =+G10+H10 -> 700 | G10: =+G11+G12 -> 300 | H10: =+H11+H12 -> 400
A11: 1.1 | B11: ўз маблағи | F11: =+G11+H11 -> 300 | G11: 300
A12: 1.2 | B12: банк кредити | F12: =+G12+H12 -> 400 | H12: 400
A13: 2 | B13: Товуқни ички органларини автомат олиш дастгохи | C13: 1 | D13: 6000 | E13: Польша | F13: =+F14+F15 -> 700 | G13: =+G14+G15 -> 0 | H13: =+H14+H15 -> 700
A14: 2.1 | B14: ўз маблағи | F14: =+G14+H14 -> 0 | G14: 0 | H14: 0
A15: 2.2 | B15: банк кредити | F15: =+G15+H15 -> 700 | H15: 700
A16: 3 | B16: Товуқ гўштини ҳаво линиясида совитиш дастгоҳи (Музлаткич) | C16: 1 | D16: 6000 | E16: Хитой | F16: =+G16+H16 -> 400 | G16: =+G17+G18 -> 0 | H16: =+H17+H18 -> 400
A17: 3.1 | B17: ўз маблағи | F17: =+G17+H17 -> 0
A18: 3.2 | B18: банк кредити | F18: =+G18+H18 -> 400 | G18: 0 | H18: 400
A19: 4 | B19: Ем заводни қувватини ошириш (соатига 20 тн) | C19: 1 | E19: Хитой | F19: =+G19+H19 -> 2300 | G19: =+G20+G21 -> 300 | H19: =+H20+H21 -> 2000
A20: 4.1 | B20: ўз маблағи | F20: =+G20+H20 -> 300 | G20: 300
A21: 4.2 | B21: банк кредити | F21: =+G21+H21 -> 2000 | G21: 0 | H21: 2000
A22: 5 | B22: Жўжа ташиш учун махсус транспорт автомобили | C22: 4 | E22: Хитой | F22: =+G22+H22 -> 400 | G22: =+G23+G24 -> 0 | H22: =+H23+H24 -> 400
A23: 5.1 | B23: ўз маблағи | F23: =+G23+H23 -> 0 | G23: 0
A24: 5.2 | B24: банк кредити | F24: =+G24+H24 -> 400 | G24: 0 | H24: 400
A25: 6 | B25: Озуқа ташиш учун махсус транспорт ҳар бири 25тн дан 8 дона ва 15 тн 2 дона | C25: 10 | E25: Хитой | F25: =+G25+H25 -> 345 | G25: =+G26+G27 -> 0 | H25: =+H26+H27 -> 345
A26: 4.1 | B26: ўз маблағи | F26: =+G26+H26 -> 0
A27: 4.2 | B27: банк кредити | F27: 345 | H27: 345
A28: 7 | B28: Музлаткич | C28: 1 | D28: 1000 тн | E28: Хитой | F28: =+G28+H28 -> 350 | G28: =+G29+G30 -> 0 | H28: =+H29+H30 -> 350
A29: 7.1 | B29: ўз маблағи | F29: =+G29+H29 -> 0
A30: 7.2 | B30: банк кредити | F30: =+G30+H30 -> 350 | G30: 0 | H30: 350
A31: 8. | B31: Товуқ гўштини ҳар хил турдаги қадоқлаш дастгоҳлари | E31: Хитой | F31: =+G31+H31 -> 200 | G31: =+G32+G33 -> 0 | H31: =+H32+H33 -> 200
A32: 8.1. | B32: ўз маблағи | F32: =+G32+H32 -> 0
A33: 8.2 | B33: банк кредити | F33: 200 | G33: 0 | H33: 200
A34: 9. | B34: Генератор (Движок) | E34: Хитой | F34: =+G34+H34 -> 382.2 | G34: =+G35+G36 -> 0 | H34: =+H35+H36 -> 382.2
A35: 9.1. | B35: ўз маблағи | F35: =+G35+H35 -> 0
A36: 9.2 | B36: банк кредити | F36: 0 | G36: 0 | H36: 382.2

Sheet тухум1
B2: "Барака Хамкор Парранда" хусусий корхонасининг Тухум йўналиши бўйича Кредитга бўлган талаб РЕЖАСИ
K3: 1000 АКШ доллари
A4: № | B4: Лойиҳа йўналиши | C4: Бино сони | D4: Бош сони | E4: Йиллик Натижа | H4: Дастгох етказиб берувчининг номи | I4: Лойиҳани қиймати | J4: Лойиҳа йўналиши
E5: Умумий 1000 бош сон | F5: Йиллик 1000 донада тухум | G5: Тушум | J5: Қурилишга | K5: Дастгоҳга | L5: Товуқ қиймати | M5: Озуқа
B7: Тухум йўналишида Лойиха қиймати | C7: =+C10+C13+C16+C19+C22 -> 24 | D7: =+D10+D13+D16+D19+D22 -> 490000 | E7: =+E10+E13+E16+E19+E22 -> 1880 | F7: =+F10+F13+F16+F19 -> 417990 | G7: =+G10+G13+G16+G19+G22 -> 42400 | H7: Хитой | I7: =+I10+I13+I16+I19+I22 -> 19609 | J7: =+J10+J13+J16+J19+J22 -> 4000 | K7: =+K10+K13+K16+K19+K22 -> 7489 | L7: =+L10+L13+L16+L19+L22 -> 7630 | M7: =+M10+M13+M16+M19+M22 -> 490
B8: ўз маблағи | I8: =+J8+K8+L8+M8 -> 4290 | J8: =+J11+J14+J17+J20+J23 -> 1400 | K8: =+K11+K14+K17+K20+K23 -> 2400 | L8: =+L11+L14+L17+L20+L23 -> 0 | M8: =+M11+M14+M17+M20+M23 -> 490
B9: банк кредити | I9: =+J9+K9+L9+M9 -> 15319 | J9: =+J12+J15+J18+J21+J24 -> 2600 | K9: =+K12+K15+K18+K21+K24 -> 5089 | L9: =+L12+L15+L18+L21+L24 -> 7630 | M9: =+M12+M15+M18+M21+M24 -> 0
A10: 1 | B10: Хўжаобод тумани 1-фабрика (бир бино ўлчами 110*18) | C10: 3 | D10: 150000 | E10: =450000/1000 -> 450 | F10: =139330000/1000 -> 139330 | G10: 11600 | H10: Е-Фарминг Хитой | I10: =+J10+K10+L10+M10 -> 4827.5 | J10: =+J11+J12 -> 800 | K10: =+K11+K12 -> 1777.5 | L10: =+L11+L12 -> 2250 | M10: =+M11+M12 -> 0
A11: 1.1 | B11: ўз маблағи | I11: =+J11+K11+L11+M11 -> 300 | J11: 300
A12: 1.2 | B12: банк кредити | I12: =+J12+K12+L12+M12 -> 4527.5 | J12: 500 | K12: 1777.5 | L12: 2250
A13: 2 | B13: Хўжаобод тумани 2-фабрика (бир бино ўлчами 110*18) | C13: 3 | D13: 150000 | E13: =450000/1000 -> 450 | F13: =139330000/1000 -> 139330 | G13: 11600 | H13: Е-Фарминг Хитой | I13: =+J13+K13+L13+M13 -> 4827.5 | J13: =+J14+J15 -> 800 | K13: =+K14+K15 -> 1777.5 | L13: =+L14+L15 -> 2250 | M13: =+M14+M15 -> 0
A14: 2.1 | B14: ўз маблағи | I14: =+J14+K14+L14+M14 -> 300 | J14: 300
A15: 2.2 | B15: банк кредити | I15: =+J15+K15+L15+M15 -> 4527.5 | J15: 500 | K15: 1777.5 | L15: 2250
A16: 3 | B16: Хўжаобод тумани 3-фабрика (бир бино ўлчами 110*18) | C16: 5 | D16: 90000 | E16: =450000/1000 -> 450 | F16: =139330000/1000 -> 139330 | G16: 11600 | H16: Е-Фарминг Хитой | I16: =+J16+K16+L16+M16 -> 5250 | J16: =+J17+J18 -> 1200 | K16: =+K17+K18 -> 1800 | L16: =+L17+L18 -> 2250 | M16: =+M17+M18 -> 0
A17: 3.1 | B17: ўз маблағи | I17: =+J17+K17+L17+M17 -> 2200 | J17: 400 | K17: 1800
A18: 3.2 | B18: банк кредити | I18: =+J18+K18+L18+M18 -> 3050 | J18: 800 | L18: 2250
A19: 4 | B19: Хўжаобод тумани 4-фабрика Рем молодняк (бир бино ўлчами 100*18) | C19: 5 | D19: 90000 | E19: =450000/1000 -> 450 | F19: =-G19 -> 0 | G19: 0 | H19: Е-Фарминг Хитой | I19: =+J19+K19+L19+M19 -> 2774 | J19: =+J20+J21 -> 1200 | K19: =+K20+K21 -> 1574 | L19: =+L20+L21 -> 0 | M19: =+M20+M21 -> 0
A20: 4.1 | B20: ўз маблағи | I20: =+J20+K20+L20+M20 -> 1000 | J20: 400 | K20: 600
A21: 4.2 | B21: банк кредити | I21: =+J21+K21+L21+M21 -> 1774 | J21: 800 | K21: 974
A22: 5 | B22: Хўжаобод тумани 5-фабрика Родитель гўшт йўналишида (бир бино ўлчами 100*18) | C22: 8 | D22: 10000 | E22: =80000/1000 -> 80 | F22: 17520 | G22: 7600 | H22: Е-Фарминг Хитой | I22: =+J22+K22+L22+M22 -> 1930 | J22: =+J23+J24 -> 0 | K22: =+K23+K24 -> 560 | L22: =+L23+L24 -> 880 | M22: =+M23+M24 -> 490
A23: 5.1 | B23: ўз маблағи | I23: =+J23+K23+L23+M23 -> 490 | M23: 490
A24: 5.2 | B24: банк кредити | I24: =+J24+K24+L24+M24 -> 1440 | K24: 560 | L24: 880
